Text,True Label ID,True Label,Predicted Label ID,Predicted Label
"det går en oks på fv lang vågevatnet, politi forsøk å komm i kontakt med eier.",9,Skadeverk,4,Ulykke
"kl.: fikk politi melding om slagsmål på et utested. en mann i -år var utsatt for vold. politi fikk, ett et kort søk i området, kontroll på en mann i -årene. -åring er pågrep og satt i arrest. -åring er kjørt dramm sykehus.",1,Trafikk,2,Brann
søk ett savn bærplukk i områd tuvatoppen/storskarfjellet. det har gjennom natt blitt søkt med stor ressurs ett en dam i årene. hun ble sist sett ca. kl. . i går kveld. politi ber turgåer i områd om å vær oppmerksom på hvem de møt i området.,7,Andre hendelser,1,Trafikk
"kl : - politi kontroller en personbil ført av en kvinn i årene. hun mistenk for kjøring i alkoholpåvirk tilstand. hun ble fremstilt for prøvetaking, fikk førerkort midlertid beslaglagt og blir anmeld for forholdet.",0,Innbrudd,4,Ulykke
"kl . politi har pågrep en person som hadd tatt seg inn i en bil, sannsynligvis i den hensikt å stjel den. kjør arrest og sak opprettes.",6,Voldshendelse,2,Brann
politi fikk melding klokk om båt som gikk på land i lav hast utenfor flesland. ukjent antall person ombord. redningsskøyt send mot stedet. hrs koordiner oppdraget.,11,Sjø,1,Trafikk
melding om arbeidsulykke. en person skal ha falt fra litt høyd und arbeid. våk og ved bevissthet. politi og ambulans på vei.,1,Trafikk,5,Ro og orden
kl. : en kvinn i åren er redd ut med bruk av redningshelikopter. kvinn er dement og hadd forvill seg i området. kvinn var med venninn på hyttetur da hun hadd forvill seg.,7,Andre hendelser,2,Brann
vedr. fallulykk ved svolværgeita. det er hrs som led redningsarbeid på stedet. grunn fler samtid hend har verk de ell vi anledning til å snakk med medi nå. person som har falt er bevisst og redning heli løft ut person nå.,7,Andre hendelser,1,Trafikk
"nødetat på vei til sammenstøt mellom to biler, trafikk går forbi i et felt. all involver er oppegående, ukjent skadegrad.",4,Ulykke,5,Ro og orden
politi båttjenest har stans båtfør som kjørt i berus tilstand. opprett sak.,1,Trafikk,4,Ulykke
nødetat rykk ut til berus mann som har vært i sjøen. tatt med av ambulans til legevakten. ikk tegn til andr person i sjøen. nødetat avslutt på sted nå.,7,Andre hendelser,5,Ro og orden
et kjøretøy skal ha trill ut i vann - uten at det var folk i bilen. nødetat rykk ut til sted - ing fremstår skadet. bil er tauet opp av vann igjen. politi gjør sin undersøk nå.,4,Ulykke,3,Tyveri
: melding fra en bebo som så at en mann tok ned og satt fyr på prid flagg som hang på flaggstang til ål kommunehus. gjerningsmann var bort da politi kom. et vitn som så hend ringt til politiet.,3,Tyveri,2,Brann
"politi er i lundeveg i bø ett melding om en bil som har kjørt inn i et bygg. det er ikk melding om skadd personer, og vi har kontakt med bileier. det er skad på vindu på et bygg. sak oppdater når vi vet mer.",4,Ulykke,3,Tyveri
kl : - nødetat er på vei til sted ett melding om lekkasj fra en tankbil innehold prosessvann. lokalt industrivern er på stedet. det er ikk meld om personskader. oppdater når nødetat er fremm på sted,5,Ro og orden,3,Tyveri
"kl . e vestgå på ved longum har det vært en bilstans, mul sykdomstilfelle. fremstår som det er noe nedsatt fremkomm nå. nødetat på vei. oppdateres.",4,Ulykke,5,Ro og orden
": melding om en person som drev å tagg på en container. gikk fra sted og tagg igj på en reklameplakat. politi har påtruff kar som hadd tagget, en år gammel gutt. han hadd fler tusj med seg. sak opprett og tusj beslaglagt.",1,Trafikk,2,Brann
kl : melding om mann som brøyt opp brusautomat ved herkules. vi har vært på stedet. brusautomat er ødelagt. vi har søkt i områd med fler patrulj uten å finn mistenkte. sak opprettet.,0,Innbrudd,2,Brann
denn melding har blitt trukket.,1,Trafikk,4,Ulykke
en mann i åren blir anmeld og bortvist fra butikk ett å ha stjål en kniv fra lokalene.,0,Innbrudd,2,Brann
en person anmeld for skadeverk ved å ha knust et vindu i en dør tilhør en bedrift. innbruddsalarm utløst. brannvesen rykk ut og påtraff vedkommende. politi til stedet. person hadd vært inn i bygget. han var rus og blødd fra fingrene. kjørt legevakten.,6,Voldshendelse,2,Brann
"melding om innbruddsalarm fra hovedbiblioteket. vekt og politi på stedet. ei rut inn til kafe er knust. tyd at det har vært folk inne, men forlatt. ing pågrepet.",6,Voldshendelse,2,Brann
politi er på sted ett melding om en bil som skal ha kjørt inn i en garasj ett først å ha truff en lyktestolpe. oppdateres.,4,Ulykke,5,Ro og orden
slåsskamp shell stjørdal. gjerningsperson har dratt fra sted før politi kom til stedet. fornærm har fått kul i hodet. oppdatering kommer.,12,Redning,2,Brann
nødetat rykk ut til melding om trafikkulykke. et kjøretøy som skal kjørt inn i et tre og land på taket. fler person involvert. skal ikk fremstå som alvor skadet. oppdateres.,4,Ulykke,5,Ro og orden
: melding om en stjål sykkel til verdi rund .kr. nabo hadd sett tyv og bidro med beskrivelse. tyv hadd satt igj en gammel sykkel da han tok den nye. patrulj forsto hvem dett var og oppsøkt mannen.,6,Voldshendelse,0,Innbrudd
politi er i kontakt med person som har satt fyr på gjenstand som medført mindr materiell skader. person satt seg opp mot politi på sted og anmeld for vold mot offent tjenestemann. person er pågrep og kjør til arresten. opprett sak.,12,Redning,2,Brann
kl : - e nordgå kjøreretning. politi er på sted ett melding om trafikkuhell mellom to vogntog. kun materiell skader. et kjørefelt sperret. hend er rett før avkjøring .,5,Ro og orden,4,Ulykke
"rv rolvsøyveien/dikevei , melding om singelulykk - personbil kjørt ut av veien og inn på en gårdsplass. det er person i bilen, fremstår uskadd. stor materiell skad på bilen. nødetat er på stedet.",5,Ro og orden,4,Ulykke
innbrudd/skadeverk på fler bil ved jan baalsrud plass. skjedd i løp av natten.,6,Voldshendelse,0,Innbrudd
nødetat rykk ut til en trafikkulykk på ringeriksvei ved skonarudkleiv mellom to kjøretøyer. oppdateres.,4,Ulykke,5,Ro og orden
kl. nødetat mott melding om alvor trafikkulykk på e. e sydgå ved skjeberg er sperr og vil bli stengt en stund framover. vi forsøk å oppdater her underveis.,4,Ulykke,5,Ro og orden
nødetat samt redningsskøyte/bannbåt er på vei ett melding om en person som skal ha falt ut av en kajakk og ligg i vannet. vedkomm har redningsvest. hrs koordinerer.,7,Andre hendelser,5,Ro og orden
kl : - politi observer en mann som forsøkt å overlever narkotika. mann i åren var i besitt av narkotik og blir anmeld for forholdet.,1,Trafikk,2,Brann
"fått melding om to hunder, trol jamthunder, som spring på e og på gangveg ved mæresmyra.",9,Skadeverk,4,Ulykke
politi har vært på en privatadress ett melding om en voldshendelse. en kvinn i åren og en mann i åren har vært involver i dette. det opprett en sak på forhold og mann part blir bortvist fra adressen. ing var alvor skadet.,12,Redning,2,Brann
mann pågrep ett å ha tatt seg inn i en bil og forsøkt å komm seg inn i andr biler. uavklart om noe er stjålet. sak opprettes.,0,Innbrudd,4,Ulykke
": - politi rykk ut ett melding om en trafikkulykk på semslinna. trafikk står still på stedet, og det anbefal å finn en ann kjørevei hvis mulig.",4,Ulykke,5,Ro og orden
mørkledd mann går retning årdalstangen. han har ikk refleks og er lit syn for andr trafikanter. kjør forsikt og vær oppmerksom på mann ! politi er på vei.,1,Trafikk,4,Ulykke
nødetat rykk ut ett melding om jordr på stedet. det er uvisst hvor stort ras er. melding oppdateres.,1,Trafikk,3,Tyveri
"politi har - i samarbeid med bilfirma, funn den stjåln bil fra i morges. vi foret undersøk av denn - og jobb med denn oppimot all forhold vi har jobb med på gulskog sid i morges.",1,Trafikk,0,Innbrudd
melding om trafikkulykk på e i grong. bil involvert. til samm person som ett sig skal vær ute av bilene. nødetat på tur til stedet.,4,Ulykke,5,Ro og orden
melding om trafikkulykk fylkesvei mogreina. mc før har truff en elg. all nødetat og viltnemnd er på vei.,4,Ulykke,5,Ro og orden
"politi er på vei til sted ett melding om utforkjøring. en personbil har kjørt ut av vegen. en person involvert, fremstår ikk som alvor skadet. oppdatteres.",4,Ulykke,5,Ro og orden
"kl : - fv - politi og ambulans har rykk ut til sted ett melding om en trafikkulykke. en mc har kjørt av veien i forbind med unnamanøver. mc fører, mann i åren er oppegående, men kjør til sykehus for ytterliger undersøkelser.",5,Ro og orden,4,Ulykke
"ei forholdsvis rol natt i distriktet. en mann pågrep i ålesund for brudd på ett besøksforbud. ell har det vært noen få ordensforstyrr i molde, kristiansund , volda, ørst og ålesund.",1,Trafikk,2,Brann
politi har kontroll på person på broen. blir overtatt av helse. veien åpen for fri ferdsel.,1,Trafikk,4,Ulykke
"kl. : ulykk ved tyns sentrum. et godstog har kjørt på en personbil ved overgang i tjønnbakken. skal ha vært person i bilen. ukjent skadegrad på diss pr. nå, men meld å vær bevisst og oppegående. nødetat er på stedet.",5,Ro og orden,4,Ulykke
kl - en person er pågrep ett å ha brutt besøks -/ kontaktforbud som ble ilagt mandag . oktober. person er innsatt i arrest i arendal.,1,Trafikk,2,Brann
trafikkuhell der to bil er involvert. ing personskade. et kjørefelt er stengt. bilberg til to bil er på vei. en del materiell skader. politi er på stedet.,5,Ro og orden,4,Ulykke
to sauer har falt ned i en septiktank. brann og politi til stedet. brannmannskap har fått sauen ut av tanken. politi har vært i kontakt med eier av tank og pålagt han å sikr denne.,9,Skadeverk,1,Trafikk
nødetat er i porsgrunn ett melding om person som har falt i vann i porsgrunnselva. oppdateres.,7,Andre hendelser,5,Ro og orden
"kl , tesl model s stjål fra p-plass. nøkl stod i tenningslåsen. bilei fikk spor bilen. kl stans politi bil på korskirkeallmeningen. fører, mann i -år pågrep av patruljen. anm for bilbrukstyveri, kjøring i påvirk tilstand mm.",0,Innbrudd,4,Ulykke
fler melding til politi om at del av taket/solcellepanel har blåst ned fra rådhusgat - handel hus. politi og brannves er på veg.,1,Trafikk,3,Tyveri
"kl :; politi har vært på sted ett melding om tyveri fra motorsykkel. eier ved motorsykkel, ikk tyveri. funn av narkotika. skilt på motorsykkel beslaglagt. eier av motorsykkel kjør til arresten.",1,Trafikk,4,Ulykke
"melding om en innbruddsalarm fra et apotek. vindu inn til apotek var knust og en person observer inn i apoteket. politi rykk ut fra sortland fikk kontroll på personen, som fortsatt var i apotek da patrulj ankom.",6,Voldshendelse,2,Brann
kl . politi har rykk ut til privat adress i vågsbygd. en person har blitt fraran sin vesk med innhold. ing er fysisk skadd. politi er på sted og gjennomfør avhør og sikr spor samtid som det søk ett gjerningspersonen.,12,Redning,1,Trafikk
trafikkuhell mellom personbil og person på el-sparkesykkel. sistnevnt er våken. nødetat på tur til stedet. oppdateres.,5,Ro og orden,4,Ulykke
kl. - melding om to bil som har kjørt i hverandr i en rundkjøring i sentrum. per nå ikk meld om personskade. politi er på sted og i kontakt med partene.,0,Innbrudd,4,Ulykke
"kollisjon på e trøngsla. bil involvert. ing fastklemte, all er ute av bil og oppegå . trafikk kan passer i ett felt. nødetat rykk og er straks på stedet. oppdateres.",4,Ulykke,5,Ro og orden
kl. : - melding om knivstukk person i voss sentrum. tilfeld forbipasser kom over ein mann med knivskad i magen. politi rykk ut med fleir patrulj og gjer no undersøking på staden. ing er pågrep for ugjerninga.,1,Trafikk,2,Brann
"nødetat er på sted i forbind med en bilbrann på e, nord for mosseporten, nordgå løp. mye kø på stedet. brann er slukket, bilberg er på vei.",5,Ro og orden,3,Tyveri
": nødetat på vei ett melding om utforkjøring, én bil involvert. skjedd lik vest for flå sentrum. trol ikk personskade. bil er ute av veien.",5,Ro og orden,4,Ulykke
politi rykk ut til trafikkulykk i lingelemveien. mc velt med person involvert. oppdateres.,5,Ro og orden,4,Ulykke
trafikkulykk på baksid ved sjoa. personbil har kjørt i grøft og inn i et tre. nødetat er på stedet. ukjent skadeomfang ift personskade. oppdater ved ny info.,4,Ulykke,5,Ro og orden
kl mann () innsett i drukkenskapsarrest ett å ha slått til andr og vor utagger på festival. ing alvor skadar. politi opprett sak.,1,Trafikk,2,Brann
"vekt på city lad fikk kontroll på en tyv. ved kontroll ble det funn en softgun på vedkommende. politi har nå overtatt mannen. han anmeld for våpenloven, tyveri fra butikk samt besitt av noe narkotika.",0,Innbrudd,2,Brann
"kl. , et tre har falt over en strømledning ved risørveien. dersom ledning ryk fall treet på veien. vts er varslet.",1,Trafikk,4,Ulykke
"oppsummer opptur: mye folk, god stemning, god kontroll. person bortvist fra stedet. tre av diss hadd mindr mengd narkotik på seg ved innpassering, to bortvist grunn ordensforstyrrelser.",10,Dyr,2,Brann
kl : - e - nødetat er på sted i forbind med en trafikkulykke. ens personbil har kjørt ut av veien. bil forsøkt i forkant av uhell å unndr seg kontroll fra politiet. person involvert. de kjør akuttmottak for undersøkelse.,5,Ro og orden,4,Ulykke
dei fir sjuåring som har vor sakn frå wild minn skul er nå komm til rette.,8,Savnet,7,Andre hendelser
: nødetat rykk ut til trafikkulykke. en bil har kjørt av veien. to person i bil som begg er oppegående.,5,Ro og orden,4,Ulykke
kl: : mann i åren ble pågrep sikt for vold i nær relasjoner. mann er transporter til arrest og politi i sør-øst har start etterforskning.,12,Redning,2,Brann
politi fikk tip om eldr granat som er funn i terreng på ågotnes. politi er på stedet. granat er vurder som ufar slik den ligger. politi vil vær på sted fram til forsvar hent granaten.,1,Trafikk,2,Brann
kl: : tollvesen stans en lastebil og en personbil og det var mistank om bruk av narkotika. det ble tatt blodprøv av lastebilsjåføren. to andr menn var i besitt av mindr mengd marihuana. all ble bøtelagt.,1,Trafikk,4,Ulykke
"politi oppfordr bilist til å ha ekstr oppmerksom utov dagen. det begynn og komm melding om trær som fall over vei, og dett kan komm brått på. avpass farten, spesielt på mindr og uoversikt strekninger.",4,Ulykke,1,Trafikk
up har hold hastighetskontroll. fører ble anmeld for hastighetsovertred og fikk førerkort beslaglagt. høyest hast var km/h i -sone.,0,Innbrudd,4,Ulykke
"på grunn av stort tils av publikum ifm agrisjå på frigård er det nå kø derfr og ut på e, helt ned til stjørdal sentrum. publikum oppfordr til å parker på innfartsparkering og ta shuttlebuss til frigården. se oversikt på agrisjå sin nettsider.",4,Ulykke,2,Brann
politi fått to melding om tjuveri frå to ulåst leilegheit i #strømgat og #hanstanksgate. tjuveri har skjedd i løp av natt til laurdag. stol divers person gjenstandar. pr no ukj gjerningspersonar.,6,Voldshendelse,0,Innbrudd
nødetat rykk ut ett melding om trafikkulykk i horgenveien. melding oppdateres.,4,Ulykke,5,Ro og orden
mld om en savn år gammel gutt fra visp badeplass. beskrivelse: har på seg en ros t-skjorte. nødetat er på vei samt redningshelikopt og dykker da det er uvisst om han er i vannet. dersom noen ser gutt ring .,8,Savnet,7,Andre hendelser
politi vært i kontakt med vekt på utested som skal ha blitt skall i ansikt av gjest. gjerningsperson er løpt fra stedet. skal mul vær gjenkjent av vitne. ing personskade. politi opprett sak.,1,Trafikk,2,Brann
båt har kantret. fler person i sjøen. det pågår livredd førstehjelp på stedet. nødetat på vei.,7,Andre hendelser,5,Ro og orden
"politi er på kjell ett melding om personbil som har velt i rundkjøring ved korten. to person involvert, begg er sjekk av ambulans og vurder til å vær uskadd. bilberg er på sted og trafikk går som normalt.",5,Ro og orden,4,Ulykke
: politi søk med fler ressurs ett en savn mann i -årene. politihelikopt er på vei og frivil er kalt ut. melding oppdater når politi har mer informasjon.,8,Savnet,1,Trafikk
kl : - politi og brannves er på vei til sted ett melding trafikkuhell. et vogntog har vært utenfor vegban og dratt med seg del av autovern på stedet. det skal vær trafikal utfordring på stedet.,5,Ro og orden,4,Ulykke
strømkabel falt over nedr rælingsveg i områd hektner. politi på sted og diriger trafikk i påvent av elvia.,4,Ulykke,5,Ro og orden
voldshend på privat adress i sentrum. patrulj er på sted og person er kjørt til legevakt av ambulanse. fremstår ikk som alvor personskade. politi etterforsk hendelsen.,12,Redning,2,Brann
nødetat rykk ut til trafikkulykk på tv ved tuv. en bil har kjørt av veien og truff en lyktestolpe. pr nu har vi ikk fler opplysninger. oppdater her når vi har mer info.,4,Ulykke,5,Ro og orden
kl : melding om menn som slåss med balltr og øks utenfor -. en kvinn skal også ha vært involvert. politi har nå kontroll på de tre.,1,Trafikk,2,Brann
kvinn i åren stjål divers privat eiendel fra sengepost. oppdag av vektere. patruklj er i kontakt med kvinnen. ing tilknytning til sykehuset.,0,Innbrudd,2,Brann
politi rykk ut til kalvskinn ett melding om person som forsøkt å ta seg inn i en contain på stedet. person forsvant lik etterpå med uforrett sak. politi kontroller nå en person som pass beskrivelsen.,0,Innbrudd,2,Brann
melding om påvirk person som har tatt seg inn i hytt til melder. hytt var ulåst og eier i området. mann forlot stedet. sannsynligvis samm person som var til sjenans for beboer på åro camping ett denn hendelsen.,2,Brann,1,Trafikk
"en mann i -år blir innbrakt til arrest ett å ha stjål øl, og knust ei ølflask på en butikk på øya.",0,Innbrudd,2,Brann
"politi har hatt promillekontroll i foldavegen. her ble det kontroller førere, ing reaksjoner.",2,Brann,4,Ulykke
politibåt har kontroller fører av fritidsbåter. alt funn ok.,11,Sjø,4,Ulykke
politi fikk melding om en person som utført innbrudd/tyveri fra områd tømmerkaia. ved vår ankomst påtraff vi en lokal kjenning i -årene. bra observasjon og bidrag fra innringer. person ble pågrep pga gjentakelsesfar - fremsto rus - kjørt arrest.,0,Innbrudd,2,Brann
kl. : politi har vært på sted ett melding om ulykk med en gravemaskin som hadd kjørt av veien og veltet. før er frakt til sykehus. politi har gjort undersøk på sted og opprett sak.,5,Ro og orden,4,Ulykke
politi rykk ut til melding og verbal krangel mellom fler personer. skal ha eskaler og vært en voldshend på stedet. uavklart situasjon. oppdateres.,12,Redning,2,Brann
"kl , person nekt å oppgi navn til patrulje. innbring til arrest og anmeld for ikk å ha oppgitt personali til politiet.",1,Trafikk,2,Brann
kl. . melding om påkjørt elg på fv frolandsveien. ikk personskade. materiell skad på bil. uvisst om elg ble skadet. viltnemnd varslet.,9,Skadeverk,4,Ulykke
"meld om røykutvikling frå brems på vogntog, ikkj vor opn flamm med ein del røyk. brannves og politi på veg, tunnel er stengd. ikkj meld om personskadar.",4,Ulykke,3,Tyveri
kl. : politi har pågrep en mann i åren som er sikt for bilbrukstyveri fra kragerø natt til igår. bil er ikk funnet. mann innsett i arrest og vil avhør om forholdet.,0,Innbrudd,2,Brann
stat naturoppsyn og politi har gjennomført samarbeidskontroll med tank på motorferdsel i utmark. oppsyn rana- saltdal-fausk og misvær. ing reaksjoner. tommel opp.,1,Trafikk,4,Ulykke
"for andr gong på und eit døgn er me på florvåg skul ett melding om skadeverk, mellom ann knust ruter. me har kontroll på nokr mindreår gut og vil snakk med føresette. også varsl representant for skulen.",1,Trafikk,2,Brann
"kl. : en mann, år gammel blir anmeld for å ha stjål bankterminal fra en pub i sentrum. mann forsøkt å stjel denn ved å gjemm den i bukselinningen. terminal er nå tilbak og mann er blitt utestengt fra utested i , år.",0,Innbrudd,2,Brann
"kl fikk politi melding om to person som var masker og truet to beboer med forment kniv. ing ble skadet, frastjål mobiler. politi har tatt avhør av de to fornærmede, søkt ett gjerningsperson uten å funn disse. sak er anmeldt.",1,Trafikk,2,Brann
kl . politi har mottatt melding om at en seilbåt skal ha dratt ned en høyspentledning i bjørnevågen. det er så langt ikk bekreft om det er husstand som er ramm av strømbrudd grunn dette.,1,Trafikk,3,Tyveri
politi har rykk ut til kryss sanviksveg / blåbærsti ett melding om syklist som har veltet. oppdateres.,5,Ro og orden,4,Ulykke
det har i løp av natt har blitt stjål fler sykl fra en fell sykkelgarasje. den ene er en el-sykkel til en verdi på ca kr. tyv har klipp av en lås for å ta seg inn på stedet.,6,Voldshendelse,0,Innbrudd
kl: : mann i åren ble pågrep sikt for å ha truet en ann mann med kniv kort forut. pågrepn ble kjørt til arrest og sak anmeldt.,12,Redning,2,Brann
melding om amp stemning ved et utested på solsiden. politi rykk ut til stedet.,12,Redning,2,Brann
i løp av natt har det blitt gjort skadeverk ved å knus et vindu på en skol i skolegata.,2,Brann,6,Voldshendelse
"det har vært en ulykk i bø sommarland. en år gammel gutt falt ut av renn i bunn av attraksjon ""magasuget"". politi har stengt attraksjon inntil inspeksjon og etterforskning er utført. park vil vær åpen for øvr i morgen.",5,Ro og orden,1,Trafikk
"kl , meld oppdag ukjent mann som lå og sov i leiligheten. patrulj har snakk med vedkommende. berus og gått inn i et tilfeld hus. kjørt hjem til rikt hus av politiet.",1,Trafikk,2,Brann
": en mann i åren fra vestfold fikk behov for hjelp for komm ned fra fjellet. politi var i kontakt med han, og patrulj som er godt kjent i områd bisto med å få han ned fra fjellet. han var i god behold da han kom til rette.",7,Andre hendelser,2,Brann
"arbeidsulykk - sprengningsfeil. i forbind med grunnarbeid har en sprengning medført skad på bolighus og en anleggsmaskin, i umiddelb nærhet. politi er på sted og etterforsk hendelsen.",1,Trafikk,3,Tyveri
en person er blitt slått av en forbipasser uten at det har vært noen foranledning. fornærm kjør til legevakt med lit kutt. gjerningsperson hadd forsvunn før politi ankom stedet. politi opprett sak.,12,Redning,2,Brann
melding om hydrogenlekkasj på ntnu. brannvesen fikk melding kl og er fremm på stedet. evakuering er iverksatt av nærligg bygg. oppdateres.,5,Ro og orden,3,Tyveri
all nødetat på vei til kråkerøyvei ved lundeskogen. melding om singelulykke. oppdateres.,5,Ro og orden,4,Ulykke
politi fikk ca. kl. i natt melding om at det skull ha vært en eksplosjon ved et inngangsparti til et bolighus i drøbak. politi driv taktisk og teknisk etterforskning på stedet. ing person er skadd. politi vil komm med mer info sener i dag.,13,Arrangement,1,Trafikk
"kl , observasjon av lys i sjøen ca - m ut i vågen. brannbåt send mot sted og fant to utenlandsk turist i en lit gummibåt. de fisk og var ikk i nød. begg hadd hodelykt m/blink lys.",7,Andre hendelser,1,Trafikk
kl : - politi har vært på en byggeplass og gjennomført åstedsundersøk ett melding om at det i løp av helg har vært innbrudd på stedet. det skal ha blitt stjål håndverktøy og en tilheng fra stedet. politi ferd på sted og opprett sak,6,Voldshendelse,0,Innbrudd
nødetat rykk akkurat ut - ett melding om at en driv båt med motor i gang drev nedov elva. mannskap fra brannvesen har fått kontroll på båt - motor var ikk i gang. den tilhør firm som bygg ny bru. aksjon er avblåst.,7,Andre hendelser,3,Tyveri
patrulj rykk ut til restaurant i sentrum hvor det ble meld om en pågå voldshendelse. patrulj har nå kontroll på situasjon og undersøk omstendighetene. oppdateres.,12,Redning,2,Brann
: melding om trafikkulykke. før mistenk for promillekjøring. han ble kjørt til sykehus for sjekk. fremstår ikk alvor skadet. dett er en utforkjøring i en sving og det mistenk høy fart. sak opprettet.,5,Ro og orden,4,Ulykke
"ambulans og politi har vært på en arbeidsulykk som skjedd ved -tiden. en person har fått noen plat over beinet, som da har komm i klem. den skadde, ei lokal dam i -år ble kjørt sykehus med letter skader. politi har opprett sak.",1,Trafikk,5,Ro og orden
kl. melding om jordr over e- omtrent på kommunegrens mellom stjørdal og meråker. meld inn til oss anslår en bredd på ca meter. vts er varsl - ing hus i nær - ikk melding om at noen er tatt av raset.,4,Ulykke,1,Trafikk
"i forbind med uhellet, er det også denn gang en bilfør som film med mobiltelefon men han passerer. før er en mann i årene. han valgt å slett film fra tlf da han ble konfronter med forhold og ment at da var det ikk så galt lenger...",4,Ulykke,1,Trafikk
"fler melding om en gris i og rund rundkjøring ved shell brumunddal og nesvegen. en patrulj fra politi fikk tak i dyret. gris er nå låst inn på en adress i nærheten, men vi forsøk å lokaliser eier. ikk meld om trafikaleutfordringer.",9,Skadeverk,1,Trafikk
denn melding har blitt trukket.,0,Innbrudd,4,Ulykke
melding om trafikkuhell og påfølg slåssing ved bruhod på tromsøbrua. ukjent hendelsesforløp. ing trafikal hindring lenger. politi i kontakt med begg part og gjør nødvend undersøker.,4,Ulykke,5,Ro og orden
tom cato som ble meld sakn fra fantoft tidligar er nå funn i god behald. politi takk publikum for god bistand.,8,Savnet,0,Innbrudd
"bilbrann på en parkeringsplass i nær av rundkjøring på krøgenes, nødetat er på stedet, brannvesen har start slukking.",4,Ulykke,3,Tyveri
"kl. . melding om en mann som rop på hjelp i suldalen. politi har vært på stedet. hjulp mannen, som hadd gått seg fast i bratt terreng, og gitt ham skyss til bedr egn sted å gå.",1,Trafikk,2,Brann
kl . politi har rykk ut til adress ved alle der en person med kniv har fremsatt trusl om å skad seg selv. det har ikk vært trusl mot noen andre. politi er i søk ett aktuell person.,1,Trafikk,2,Brann
politi har pågrep dam i -år som kan knytt til fler innbrudd i området. politi oppfordr person som evt. har hatt innbrudd ell tyveri fra eiendom om å ring politi på . sak vil bli opprett på vegn av de berørte.,6,Voldshendelse,0,Innbrudd
: melding om brann i bil. står midt i veien på rv litt syd for stavn. trafikal utfordring på stedet. begg kjøreretning er sperret. nødetat er på vei.,3,Tyveri,4,Ulykke
en mann har blitt slått ned. han har vært bevisstløs og blir frakt til sykehus. politi er på sted og har pågrep to menn som mistenk for volden.,12,Redning,2,Brann
"melding om trafikkulykk i kveliveien, lierne. ens bil som har kjørt ut. nødetat på vei til stedet.",5,Ro og orden,4,Ulykke
nødetat rykk ut ett melding om trafikkulykke. en scoot har kjørt inn i en hekk og veltet. melding oppdateres.,4,Ulykke,5,Ro og orden
denn melding har blitt trukket.,5,Ro og orden,4,Ulykke
i løp av helg har det blitt borttatt verktøy fra bol und oppføring i et nabolag i årnes. patrulj gjennomført åstedsundersøk og opprett sak.,0,Innbrudd,6,Voldshendelse
kl - ein mann i åra og ein mann i åra er begg satt i arrest ett at dei vart gripn på fersk gjerning und eit innbrot og tjuveri frå ei leilegheit i molde. det vert opprett straffesak.,6,Voldshendelse,2,Brann
nødetat rykk ut til en trafikkulykk - ens bil som har kjørt ut av vegbanen. to person i bilen. oppdateres.,5,Ro og orden,4,Ulykke
"rv rolvsøyveien/stabburveien, trafikkulykk i rundkjøringen. mc kjørt inn i sid på en bil. mc før våken, med smert i nakk og fot. kjør sykehus for vider oppfølging. ing trafikal problem på stedet. politi opprett sak.",5,Ro og orden,4,Ulykke
denn melding har blitt trukket.,2,Brann,4,Ulykke
"melding om slagsmål mellom to menn. blitt truet med machete. politi har kontroll på begg parter. begg tatt hånd om av helsevesen. tilsynelat letter skadd,.",12,Redning,2,Brann
"politi på sted og i kontakt med involver eiere, ett melding om at to hund skal ha angrep en hund i nær av sentrum. hund er død som følg av hendelsen. politi gjør undersøkelser.",1,Trafikk,2,Brann
"nødetat rykk ut på melding om trafikkulykk ved jekta. en motorsykkel skal vær involvert, en person er skadet. sak oppdateres.",4,Ulykke,5,Ro og orden
kl: : mann i åren ble pågrep av politiet. mann er sikt for å ha knivstukk en ann mann i magen. hend har skjedd i sentrum av drammen.,12,Redning,2,Brann
kl. : nødetat rykk ut til motorsykkelulykke. en person på mc. veltet. fremstår som en alvor trafikkulykke.,4,Ulykke,5,Ro og orden
bil merk hels berg er stjål i løp av natt fra sandvik sykehus. patrulj funn igj bil i heggbakk med mistenkt mann i førersete. mann framstår som ruset.,0,Innbrudd,4,Ulykke
kl : politi og brannves på staden. fall takstein frå eit tak. vurder til far for at det kan ras meir ned. kringsjåvei blir stengt ei tid framov i påvent av sikringstiltak og ny vurdering.,4,Ulykke,1,Trafikk
"politi har pågrep en person i vågsbygd, han skal ha fremstått som truend og var i besitt av en øks. ing er skadet, pågrip forgikk uten dramatikk.",1,Trafikk,2,Brann
kl . meld om valdshend mellom fleir person inn på pizza/kabab utsalg. ing skadd. politi vor på stad og fått forklaring frå ein part som var igj på staden. det oprett sak av patruljen. .,12,Redning,2,Brann
politi rykk ut til melding om slagsmål mellom ungdommer. oppdateres.,12,Redning,2,Brann
kl . politi har pågrep en person på dvergsnes. han ble pågrep i det han mest sannsyn var i ferd med å stjel en båt. det er funn en ann båt ikk langt unn som fremstår som den er stjålet. det jobb nå med å komm i kontakt med eier av denne.,0,Innbrudd,1,Trafikk
: - politi har gjennomført en åstedsundersøk ett melding om innbrudd i en garasje. forhold skal ha skjedd i løp av helgen. fra sted er det stjål divers verktøy og en snøfreser. politi opprett en sak.,6,Voldshendelse,0,Innbrudd
"kl. melding om at en mann mishandl en hund lang fv - vi rykk ut og påtreff mann og oppnår positiv dialog - ett kort tid blir han krakilsk, og det blir basketak - vi har nå kontroll på han. vi har også kontroll på hunden.",2,Brann,4,Ulykke
"meld om kvinn som gikk inn på stengt matserveringssted, vist seg at dør har vært ulåst. ingenting stjålet, kvinn bortvist fra området.",1,Trafikk,2,Brann
fler passasjer i en buss skad da bussjåfør mått foret en kraft oppbremsing for å unngå å kollidere. politi og ambulans på stedet.,4,Ulykke,2,Brann
: - politi mottok melding om to person som forsøkt å ta seg inn i en bil. da politi ankom sted påtraff vi to menn i hhv - og -årene. de erkjent å ha stjål divers gjenstand fra kjøretøyet. gjenstand ble tilbakelever og politi opprett sak.,6,Voldshendelse,0,Innbrudd
politi ble tilkalt til en hytt ett melding om innbrudd og skadeverk som ble oppdag idag. men patrulj var på sted ble det avdekk at totalt hytt har hatt ubudn gjester. patrulj har gjort undersøk og opprett sak.,6,Voldshendelse,0,Innbrudd
kl. : broen er midlertid stengt av politi pga et helsetilfelle. omkjøring ett eget ønske. broen vil snart åpn igjen.,2,Brann,4,Ulykke
"ambulansepersonell på oppdrag ble angrep av en mann i -år som slo, blant ann med en flaske. politipatrulj ble send for å bistå og mann ble pågrepet. han fremsto som aggressiv og ruspåvirket. blir anmeld for voldsbruken.",12,Redning,2,Brann
": melding om innbrudd i gatekjøkken. politi har undersøkt åstedet. små skad og ikk snakk om stor verdier. stjål is, sjokolad og noe mynt. forhold vurder anmeldt.",0,Innbrudd,6,Voldshendelse
nødetat rykk ut til kong øystein veg hvor en person har blitt påkjørt av en bil. ukjent skadegrad.,4,Ulykke,5,Ro og orden
"politi mottok melding fra barn, henholdsvis , og år. de hadd vært på tur i marka, og klart å gå seg bort. ett en kort stund fikk vi avklart eksakt posisjon og kunn ring en av barn mødr og beskriv hvor barn var. barn hent av moren.",1,Trafikk,2,Brann
"kl. : nødetat er på sted ett melding om sammenstøt mellom to kjøretøy. dett skal vær i kryss mot #haugesgate. involver person tilse av helsepersonell, antatt ikk alvor skadd.",4,Ulykke,5,Ro og orden
politi stans i formiddag en åpenbart ruspåvirk person på el-sparkesykkel. vedkomm var lit tilfred med dett og oppført seg på en slik måt at han blir anmeld for forulemping av offent tjenesteperson. prøv ble sikr og vedkomm er anmeldt.,2,Brann,4,Ulykke
"melding om ras på e områd renå, omtrent samm sted som tidligere. stein som har rast ut i vegbanen. ing personskad ell materiell skad meldt. politi, entreprenør m.m. er på vei til stedet. ett kjørefelt stengt. uavklart om veg blir helt stengt.",1,Trafikk,4,Ulykke
mann som har falt på sparkesykkel og fremstår noe skadd. mann er trol også beruset. ambulans og patrulj på vei.,5,Ro og orden,4,Ulykke
"brun dvergkanin observer i nabolag den ikk virk å vær kjent i. savn du en slik, kan du ring oss på .",9,Skadeverk,1,Trafikk
"politi og hels er på industriområd ett melding om ein tilsett som har vor utsett for eksponering av ein gass ifm arbeid. skjedd ifm arbeid på ein tank. vedk blir varetek av helse, me snakk med andr i bedrifta.",5,Ro og orden,3,Tyveri
"melding om berus mann på en festival som oppført seg truend mot vektere. oppført seg dår mot patruljen, dytt og forsøkt å sparke. anmeld og blir innbragt til arresten.",1,Trafikk,2,Brann
": - politi fikk melding om at en båtfør hadd kjørt inn i en brygge. det ble ing syn skad på brygga, men båtfører fremsto beruset. da politi påtraff vedkomm utenfor bærøy unndro han seg kontroll ved å hopp i vannet.",1,Trafikk,2,Brann
"politi fikk telefon fra en far kl , om at sønn hadd komm hjem for ca en tim siden, og hevd seg slått i ansikt av en ukjent mann. de er nå på sykehus med mul brukk kjeve. foranledning skal vær en diskusjon. vi etterforsk hend nå.",12,Redning,2,Brann
melding om en trafikkulykk mellom en buss og en personbil. nødetat rykk ut. oppdateres.,4,Ulykke,5,Ro og orden
melding om trafikkulykke. sammenstøt mellom personbil og motorsykkel. motorsyklist opplys å vær skad men bevisst. nødetat på vei til stedet. oppdateres.,4,Ulykke,5,Ro og orden
"meld om kollisjon mellom ferj og seglbåt, seglbåt skal ha gått ned. nødetat er på veg, hending blir koordiner av hovudredningssentralen.",11,Sjø,5,Ro og orden
politi har pågrep en mann i slutt av tenår ett en hend i fredrikstad sentrum. en kvinn i -år er ved bruk av vold/tvang fratatt et smykke. politi vil følg opp den fornærm damen. hun skal ikk vær alvor skadet.,12,Redning,2,Brann
"mann, år pågr av politi på vågsallmeningen. politi mått bruk pepperspray for å få kontroll på han. han skal ha vært truend og uttager mot dem. i forkant av pågr skal mann fremsatt trusl mot vekter og ansatt på berg storsenter.",1,Trafikk,2,Brann
"kl. : utløst innbruddsalarm i dagligvarebutikk, politi har kontroll på gjerningspersonen. vedkomm hadd stjål noe halvliter med øl.",6,Voldshendelse,0,Innbrudd
"kl. : buss i full fyr i nærøydalen. meld om mykj flamm og svart røyk. skal vær ein turistbuss. ikkj meld om person i bussen, som står på ein rasteplass. samt naudetat er på veg til staden.",4,Ulykke,3,Tyveri
melding om trafikkulykk på setesdalsvei syd for mosby. en bil har kjørt av veien. kun en person i bilen. nødetat er varsl og på vei til stedet.,4,Ulykke,5,Ro og orden
"politi mått grip inn i to slagsmål ca kl , og ta kontroll på totalt personer. bortvist fra festivalområdet, ivaretatt av venner. anmeld vurderes.",10,Dyr,2,Brann
trafikkuhell. en bil har kjørt gjennom rekkverk og inn i en hage. ing er skadet. det er snakk om øvelseskjøring. patrulj er på sted og tar opp forklaringer. det blir opprett sak og førerkort til ansvar før blir tatt i beslag.,5,Ro og orden,4,Ulykke
melding om brann i en lift. denn skal stå på en heng på fv. trafikk står. vi er på vei.,3,Tyveri,4,Ulykke
"kl : redning iverksatt ett fallulykk i terrenget. samt nødetat rykk ut. mann i -år hent av redningshelikopter. våk og bevisst, ell ukjent skadeomfang. flydd til haukeland sykehus.",7,Andre hendelser,5,Ro og orden
nødetat rykk ut til melding om trafikkulykk i kryss stavernsveien/storgata. en syklist påkjørt av personbil. ikk meld om alvor personskade.,4,Ulykke,5,Ro og orden
politi er på vei til austevoll. en person fremsatt verbal trusler. ing melding om skadde. sivil skal ha kontroll på mistenkte.,1,Trafikk,2,Brann
mann i slutt av åren pågrep av politi for oppbevaring av narkotika. politi har i samm sak ransak sikt bopel. pågrepn innsatt i varetekt.,1,Trafikk,2,Brann
nødetat rykk ut ett melding om singelulykk med mc. før var alen på sykkel og har kjørt ut av vegen. ivaret av forbipasser inntil nødetat er fremme. før klag over smert i en fot. årsak ukjent. oppdater da vi vet noe mer.,4,Ulykke,5,Ro og orden
nødetat rykk ut til en trafikkulykk - ens bil som har kjørt ut i en sving og snurr rundt. oppdater når vi ankomm stedet.,4,Ulykke,5,Ro og orden
kl : fv - up har i løp av formiddag avhold trafikkontroll. fartsgrens på sted for kontroll er km/t. fikk forenkl forelegg for hastighet. en fikk gebyr for mangl bruk av bilbelte. høyest hast km/t.,0,Innbrudd,4,Ulykke
"kl : fv skjergardsvegen, trafikkkulykke, mc og personbil involvert, bilfør er uskadd. mc-før er våk og bevisst, blir sjekk av hels på stedet. bil og mc er flytt ut av veien. grei flyt i trafikken.",5,Ro og orden,4,Ulykke
"meld om en hitt båt i kvernesfjorden. båt er merk med tam. hvit fot speedbåt med vindskjerm, mul uls båtmerke. har en svart hk påhengsmotor. båt er tatt hånd om. eier kan kontakt politiet.",1,Trafikk,0,Innbrudd
: melding om trafikkulykke. en bil som har kjørt ut. person i bilen. fremstår ikk alvor ett det vi får vit pr nå. oppdateres.,5,Ro og orden,4,Ulykke
"elgpåkjørsel på kvæfjordeidet, bilfør meld seg uskadd, kun materiell skad på kjøretøy.",9,Skadeverk,4,Ulykke
skaugdalsvei i riss stengt ett at det er gått et jordr over veien. verk bil ell folk i nærheten. i følg entrepenør er det ca met høyt og met bredt.,4,Ulykke,1,Trafikk
"nødetat rykk ut til sandtorgholmen, sør for harstad, ett melding om at en bil er observer flyt i havet, cirk met fra land. det er foreløp ikk klart om det dreier seg om en nyl ulykk ell om det er et gammelt bilvrak.",5,Ro og orden,3,Tyveri
nødetat rykk ut ett melding om trafikkulykke. det er kjøretøy og fler person involvert.,5,Ro og orden,4,Ulykke
patrulj stans et kjøretøy ved tiden. den lokal mann i -år fremstod ruset. ble tatt med inn for bevissikring - førerkort beslaglagt og sak opprettet.,0,Innbrudd,4,Ulykke
"kl : skjoldskiftet, knivstikking. en mann, år pågrep og sikt for kroppskade. en mann, år, innlagt hus, skad i overkroppen. politi har kontroll på gjerningsvåpenet.",12,Redning,2,Brann
kl :. politi kontroller båtfør ved gjeving. det er mistank om at han har ført båt i påvirk tilstand. nødvend prøv sikr og båtførerbevis beslutt beslaglagt.,1,Trafikk,4,Ulykke
: - politi er på strømsø torg ett melding om en slosskamp. en person blør fra lepp og blir tilsett av ambulansepersonell. den andr person har gått fra stedet.,1,Trafikk,2,Brann
meld om jordskred i vistdalen. uklart om noen er tatt av skredet. nødetat er på utrykning til stedet.,7,Andre hendelser,4,Ulykke
kl . politibåt stans båt i tromøysund der før mistenk for promillekjøring. prøv sikr og sak vil bli opprettet.,11,Sjø,4,Ulykke
"oppsummer høllafestivalen: vel avvikl arrangement, god stemning. en person bortvist grunn ordensforstyrrelse, noen mindr hend som løst seg selv uten politi inngrep.",10,Dyr,2,Brann
"meld kom hjem kl , og tok en tyv på fersk ved hageport sin. ble truet med kniv av tyven. patrulj raskt til stedet, og pågrep ei lokal dam i -årene. vi fant kniv på henne. ble anmeld og pågrepet. kjørt arrest.",0,Innbrudd,2,Brann
politi rykk ut til en privatadress ett melding om bråk på stedet. en person er pågrep ett å ha utøvd vold mot fler personer. ing skal vær alvor skadd. sak opprettes.,12,Redning,2,Brann
"ett tip fra publikum har politi komm over en mann i årene, som hadd stjål en el-moped. mann blir anmeld og el-sykkel er tilbakelever eier.",0,Innbrudd,4,Ulykke
kl : - politi har gjennomført en åstedsundersøk ved dråp ett melding om at noen i løp av natt hadd brutt seg inn i en inngjerd container. det var borttatt divers håndverktøy fra stedet.,4,Ulykke,0,Innbrudd
kl : melding om trussel med kniv. oppstått ifbm at meld vart spurt om pengar. vart trua idet han avvist førespurnaden. politi leit ett mistenkt og er i kontakt med den fornærma. ing som er skadd.,1,Trafikk,2,Brann
overstad berus mor hjemm alen med lit barn. bekymr familiemedlem hadd problem med å få kontakt med moren. politi har vært på sted og bistått. barn tas hånd om av besteforeldre. barnevern varslet.,1,Trafikk,2,Brann
"politi har bortvist en kvinn i -år fra sentrum, ett en ordensforstyrr på farmandstorget. kvinn hadd utager atferd. det har ikk blitt utøvd vold på stedet.",1,Trafikk,2,Brann
"vi søk ett en hvit mazd cx mod regnr jd, bil er hjemmehør på lena, vi ant den kan vær i områd gjøvik / toten, tip til .",8,Savnet,0,Innbrudd
nødetat har rykk ut til bedrift på birkeland. lekkasj i et rør og flyt glass renn ut i bygget: samt på bedrift er evakuer og ing skal vær skadet. det jobb med nedkjøling på stedet. ikk spredningsfar ell eksplosjonsfare.,5,Ro og orden,3,Tyveri
kl. - jordras: meld om stort jordr på strekning mot gaml fergekaien. trær og stor vannmengder. ing person ell kjøretøy observer tatt av raset. uviss størr pr nå. veien er sperret. politi- og brannmannskap er på staden.,1,Trafikk,3,Tyveri
"aggressiv og berus person kjør til arresten, ålesund. vedkomm har slått til fler personer. sak opprettes.",12,Redning,2,Brann
"kl : nødetat rykk ut til melding om trafikkulykke. bil har kjørt på en elg, og har havn på taket. det er son på stedet. før har komm seg ut av bil og er bevisst",5,Ro og orden,4,Ulykke
kl. . melding om innbrudd i en garasj i tingsakerli i løp av natten. også vært inn i en bil. det skal vær stjål kjennemerker. politi undersøk åstedet. dersom publikum har sett noe i natt i områd ta kontakt med politi på tlf. .,6,Voldshendelse,0,Innbrudd
e sydgå ved lindeberg: kjedekollisjon mellom tre biler. all tre person involver skal vær ute av bilene. en person klag på smert i nakken. nødetat på vei. trafikk går forbi i ett felt.,4,Ulykke,5,Ro og orden
en mann i åren anmeld for å ha brutt kontakt- og besøksforbud han er ilagt overfor en slektning. mann er bortvist fra stedet. sak opprettes.,1,Trafikk,2,Brann
"meld om fler ungdomm i slåsskamp. avslutt når patrulj kom fram. ing skadde, ing som vil forklar seg. to stk ble bortvist fra stedet.",12,Redning,2,Brann
lastebil har kjørt utfor vei. ligg på siden. ing personskade. nødetat på vei.,5,Ro og orden,4,Ulykke
politi ønsk å komm i kontakt med vitn som kan ha observer en jent som ble angrep på torg bak arkad i skien om lag klokk . ring for kontakt med politiet.,12,Redning,2,Brann
ambulans og politi er på en privatadress da en -år gammel mann har skutt seg selv med pistol. trol vært et vådeskudd i forbind med nedspenning av sleiden. mann ble truff i et kne og blir frakt til sykehuset.,5,Ro og orden,2,Brann
"båt funn driv mellom frost og lade. snakk om en limegrønn hasl summer-fun, , m lang og med suzuki båtmotor , hk. denn er frakt til land. eier av båt kan ring . bild av båt lagt ut på x.",11,Sjø,0,Innbrudd
denn melding har blitt trukket.,9,Skadeverk,4,Ulykke
meld om skadeverk i områd rund amfi. politi påtraff rikt person som erkjent å ha vært litt hardhend mot noen skilt og kast litt strøsand ved inngangen. person lov å ta kontakt med amfi ettertid for å rydd oppett seg.,2,Brann,1,Trafikk
"kl . politi og ambulans har rykk ut til privat adress lik nord for sentrum ett melding om voldshend på stedet. en person får tilsyn av helsepersonell, ved bevissthet, skadegrad ell er ukjent. politi har kontroll på mistenkt gjerningsperson.",12,Redning,2,Brann
politi og ambulans på vei til utforkjøring av mc-før som er våken.,4,Ulykke,5,Ro og orden
denn melding har blitt trukket.,12,Redning,4,Ulykke
"melding om smell/skudd på grim, politi er på sted for å undersøk forholdet.",1,Trafikk,2,Brann
melding om fler ungdomm som plag kund og sprayer såp på vindu ved mcdonalds. politi er nå på stedet.,13,Arrangement,2,Brann
kl : - vaktselskap meld om innbruddsalarm fra en byggvarebedrift. politi rykk ut. på sted fremsto det som noen hadd brutt seg inn. politi opprett en sak på forholdet.,0,Innbrudd,6,Voldshendelse
"politi er på sted og snakk med en person som har dytt og spytt på en vekter. vedk. ble bedt om å forlat senter av vekteren, men nekt å etterkomm dette. sak blir opprett for vider etterforskning.",12,Redning,2,Brann
til obs for veifar på e ved knedalsbukta. det går ei ku lang veien. vi prøv å få tak i bonden.,9,Skadeverk,4,Ulykke
"vi har vært på sted ett melding om knust vindu på offent bygg på tinnheia. fremstår som ett rent skadeverk, ikk noe som tyd på at noe er stjålet. vi opprett sak.",13,Arrangement,2,Brann
nødetat rykk ut ett melding om kollisjon mellom lastebil og personbil.,5,Ro og orden,4,Ulykke
meld om små gummibåter. i skipsleia. noen av per kan ha vansker. hrs orientert. brannbåt til stedet. per og gummibåt der. ing probl. siktproblem samt ikk lys gjør at de må avslutte. dett vill de gjøre. brannbåt følg med til de er på land.,7,Andre hendelser,1,Trafikk
saktegå trafikk i hovettunnel søndr løp. en lastebil har vært opp i tunneltak med sin last. last må flytt til ann transport. politi er på sted og avvent ny transport. ing er fysisk skadet.,4,Ulykke,5,Ro og orden
politi fikk melding om at broa over døvikfoss mul begynt å slit med de stor vannmass og at det skull vær en glipp i ekspansjonsskjøt - eksper på sted konkluder med at den har vært slik fra før - ing far - bro åpen igjen.,7,Andre hendelser,3,Tyveri
"kl : - publikum meld om en berus mann som kjørt båt. politi fikk kontroll på båtfører, mann i årene. han mistenk for kjøring i alkoholpåvirk tilstand. fremstilt for prøvetaking og anmeld for forholdet.",1,Trafikk,4,Ulykke
": politi mottok melding om tyveri fra lokal matbutikk. gjerningspersonen, en mann i -år hadd dratt fra stedet. raskt lokaliser av en patrulj på gjerningsperson bosted. sak opprett samt bortvist fra matbutikken.",0,Innbrudd,2,Brann
: kom det inn melding om trafikkuhell ifm påkjørsel av dyr. ing personskader. brannvesen har vært på stedet. det var to bil som hadd kjørt på et dyr. bil hadd ikk kollider med hverandre.,5,Ro og orden,4,Ulykke
politi er på gran ifm melding om knivstikking nettopp. pasient er tatt hånd om av helse. ikk livstruende. vitn til hend bes ta kontakt med politi på . oppdateres.,12,Redning,2,Brann
kl. . melding om innbrudd i bil i heggestien. stjål noe verktøy. politi har lett i områd uten å finn noen mistenkte. forhold anmeldes.,6,Voldshendelse,0,Innbrudd
melding om front mot front mellom lastebil og personbil på fv.. en person i bilen. er bevisst. nødetat er på tur. oppdater her.,4,Ulykke,5,Ro og orden
vi er på veg til nidarosdom ett å ha fått melding om gravstøtt som er velt i løp av helga.,13,Arrangement,4,Ulykke
"kl : damsgård, innbrudd i sykkelbod. to menn forsøkt å stjel sykler, men de ble oppdag av beboerne. de forsøkt å hold menn igjen, men de klart å riv seg løs. en av menn ble pågrep av politi i nærheten. politi søk ett den andr mannen.",0,Innbrudd,2,Brann
nødetat rykk ut på trafikkulykk på melhus. en motorsyklist som har kjørt seg av. melding går ut på at det ikk er andr involver i ulykken. e nordgående. det er full stan i trafikken.,5,Ro og orden,4,Ulykke
nødetat har rykk ut til front mot front. fremstår alvorlig. luftambulans på vei. oppdateres.,4,Ulykke,5,Ro og orden
politi har pågrep en mann person i personbil som er meld stjålet.,0,Innbrudd,4,Ulykke
kl. melding om sammenstøt mellom syklist og bil. pasient/syklist frakt til legevakt for sjekk. vi undersøk omstendighetene.,4,Ulykke,5,Ro og orden
"melding om trafikkulykke. en person som har vært passasj på mc er skadet, men ved bevissthet. nødetat på vei. forøvr ukjent hendelsesforløp pr.nå.",4,Ulykke,5,Ro og orden
"politi har pågrep mann i årene, for hensynsløs adferd. han har stans en ann bil, som ble ført av et familiemedlem og nekt denn å kjør videre. har vært trafikal utfordring på stedet, sid bil ble ståend midt i veien.",2,Brann,4,Ulykke
#skjevlingsvågen. mindr båt observer med motor i gang i fjæra. ing person er observert. nødetat er på vei til stedet. sar queen er på vei i fra ørlandet. sak oppdateres.,7,Andre hendelser,3,Tyveri
"politi og andr let ett ei savn dam - sist sett ved -tiden. hun er i slutt av tenår iført blå jakke, hvit caps, shorts, gummistøvl - har langt rødt hår. vi ønsk tip om noen har sett henne.",7,Andre hendelser,8,Savnet
"meld om slåssing mellom to menn, en slag og kuttskader, legevakt for behandling. mistenkt funn i nærområdet, i besitt av to kniv og en antatt stjål sykkel. pågrep og satt i arrest. vi snakk med vitn og opprett sak.",12,Redning,2,Brann
kl :. melding om pågå innbrudd i en forretning i myrfaret. da politi kom til sted så de en person løp vekk. en tv stod igj på bakken. det ble søkt i områd uten å finn gjerningsmannen. politihelikopter ble også brukt i søket.,6,Voldshendelse,0,Innbrudd
melding om trafikkulykk i strindvegen. ikk alvor skadeomfang. airbag skal vær utløst i den ene bilen. politi på vei til stedet. bil involvert.,5,Ro og orden,4,Ulykke
"patrulj stans to mopedist - ett at de to førern hadd kjørt uaktsomt, bla brutt vikeplikt og kjørt ved sid av hverandr og spark mot hverandre. en av part var ei lokal jent i tenår -og den andr var en gutt i tenår fra bø. begg anmeldt.",4,Ulykke,2,Brann
: nødetat på vei ett melding om arbeidsulykke. to person har pust inn etanol. trol ikk alvor personskade. skal ikk vær far for andre. nødetat undersøk omfang og hendelsesforløpet.,5,Ro og orden,3,Tyveri
kl . politibåt har i kveld kontroll en rekk båt i arendal og omegn. totalt forenkl forelegg er utsted til båtfører som kjørt for fort.,11,Sjø,4,Ulykke
kl. : politi rykk ut ett melding om tyveri av dekk fra et dekksenter. politi stans en mann i åren i en varebil lik i nærheten. han hadd dekk i bil som er returner forretningen. mann anmeld for forhold og er dimmiter ett avhør.,0,Innbrudd,4,Ulykke
"kl ble en patrulj kontakt av en voldsutsatt person. gjerningsperson hadd forlatt stedet, men noen hadd film hend og person ble gjenkjent som samm person som i en ann voldshendelse. vedkomm ble lokaliser og anhold av patr. anmeldes.",12,Redning,2,Brann
nødetat rykk ut til melding om trafikkulykk på langenesvei ved søv i søgne. en bil skal ha velt og ligg på siden.,4,Ulykke,5,Ro og orden
en vekt stans en mann som hadd stjål stk -pakning med øl fra en butikk i sentrum. tyv var verbalt aggressiv og nekt å gi fra seg tyvegodset. politi ble tilkalt og kom til stedet. mann ble fratatt tyvegods og informer om at han blir anmeldt.,0,Innbrudd,2,Brann
politi i områd ett melding om - person sloss i bakgård. og meld at det mog var observer kniv. løp i all forskjel retning lik før politi ankom. politi kontroll på nokon av dei. er mindreårige. ikkj meld om skadde.,12,Redning,2,Brann
en mann har kontakt politi og sier at han er blitt slått i ansikt av en person. mann hadd fått skad i kjeven. gjerningsmann er kjent for politiet. det blir søkt ett han. vitn til hend blir avhørt av politiet. den skadd blir tilsett av helse.,12,Redning,2,Brann
meld om innbrudd i salgsboder. borttatt en rekk kolli kioskvarer. tatt seg inn i bod ved å knekk en hengelås og et vindu med gitter. en del av var funn igj gjemt i nærområdet. forhold anmeldes. politi har undersøkt åstedet.,0,Innbrudd,6,Voldshendelse
"øvr trafikant vist handlekraft, da de fikk stans en svært berus tilfør i hanekleiva. føreren, en mann fra sandefjord i -år - nærmest velt ut av kjøretøy med ei vodk flask i hånden. ved vår ankomst fremstår han lit samarbeidsvillig.",4,Ulykke,2,Brann
politi har pågrep en mann ifm en tildrag ved et utested i midtbyen. mistenkt ble stans i en taxi som han forsøkt å komm seg vekk fra sted i. person var lit samarbeidsvillig. funn en stjål telefon på mistenkte. pågrep og satt i arrest.,1,Trafikk,2,Brann
"svært rol natt for politiet. hva gjeld countryfestivalen, lekn i lofoten, og fæsterålen, sortland, så har de forløpt svært bra. politi er meg fornøyd.",1,Trafikk,2,Brann
e ved nor bru har ein utanlandsk bil treft veggjerdet. airbag utløyst men ikkj meld om personskade. ei kvinn i bilen. nødetata er på veg.,5,Ro og orden,4,Ulykke
to bil involver i trafikkulykke. stor materiell skadar. personar. all ute av bil og medvitne.,5,Ro og orden,4,Ulykke
"kl : melding om to savn jent fra områd fjell. vi søk i områd med fler patruljer. jent er begg år og mørkhudet, den ene har grønn regndress og den andr har ros regndress. ring politi på ved observasjon.",8,Savnet,1,Trafikk
kl : - up kontroller en personbil ført av en mann i årene. mann hadd ikk gyld førerkort. han ble anmeld for forholdet.,0,Innbrudd,4,Ulykke
melding om trafikkulykk mellom bil og syklist. syklist skal vær bevisst. nødetat på vei. oppdateres.,4,Ulykke,5,Ro og orden
denn melding har blitt trukket.,2,Brann,4,Ulykke
: - mann i -år bortvist fra sentrum ett å ha slått til en annen. ing skal vær skadd ett hendelsen.,12,Redning,2,Brann
": melding fra et vitn som observer noen gjør skadeverk å en ladestasjon for el biler. de mistenkt kjørt fra stedet, og politi plukk opp bil ikk langt unna. de mistenkt er i åren fra telemark. sak opprettet.",13,Arrangement,4,Ulykke
nødetat rykk ut ett melding kl. om trafikkulykk mellom to mc. fremstår ikk som alvor og -son på stedet. to person involver tas hånd om av helse.,0,Innbrudd,4,Ulykke
: - nødetat rykk ut ett melding om en utforkjøring på e. trafikk diriger forbi i ett felt. før av bil er ute av bilen. skadeomfang er foreløp ukjent.,4,Ulykke,5,Ro og orden
de som led innsamling til tv-aksjon ringt politi og opplyst at falsk bøssebærer er på ferd i hokksund sentrum. de minn om at original- bøss er godt merk og forsegl - og innsamling start ikk før kl . politi ser i områd nå.,1,Trafikk,2,Brann
"kl. , kom melding til politi om mann som forsøkt og stjel tilhenger. han gikk fra området, men god beskriv fra vitn gav politi en retning og indikasjon. en person pågrep ett søk i området. patrulj på sted jobb vider i saken.",0,Innbrudd,2,Brann
kl : - nødetat på vei til e sørgå retning. det jobb med å avklar nøyakt sted for hendelsen. et kjøretøy skal ha kjørt inn i midtrekkverk. oppdater når nødetat ankommer.,4,Ulykke,5,Ro og orden
det har vært innbrudd på en byggeplass i løp av natta. det er stjål noen ledningstroml og en del verktøy. vi har hatt en patrulj på sted som har gjennomført åstedsundersøkelse.,0,Innbrudd,6,Voldshendelse
politi har vært ute med politibåt på steinsfjord i kveld og kontroller noen båter. stk har blitt kontrollert. stk har fått forenkl forelegg for mangl bruk av redningsvest.,1,Trafikk,4,Ulykke
en bil har kjørt inn en betongvegg. før av bil er opp og går. politi er på vei til stedet.,5,Ro og orden,4,Ulykke
"person skal vær slått i ansiktet, politi har vært i kontakt med fornærmede, han ønsk ikk å snakk med patruljen.",12,Redning,2,Brann
"patrulj undersøk skadeverk på biler, vinduer, bygg, båt - skal dreie seg om tagging på minst sted ifølg vår meldere. vi etterforsk hend nå - ber om at eventuell vitn og andr fornærm meld seg. oppdateres.",13,Arrangement,1,Trafikk
bil meld stjål gjennfunn av en bekjent av bileier. patrulj klart å knytt en mann i åren til bilen. vedkomm pågrepet. var også i ulov besitt av en del tablett som ble beslaglagt.,0,Innbrudd,4,Ulykke
"melding om trafikkulykk på daleveg stranda. en bil kjørt av veien og havn i vannet. nødetat er komm til sted og iverksatt innsats. ikk avklart pr nå om det er fler i bilen, men en person er hent ut og tatt hånd om av helse. ikk meld om skadeomfang.",5,Ro og orden,4,Ulykke
"politi har bortvist tre person fra sentrum, som følg av at de drakk alkohol og forstyrr ro og ord på offent sted. person som ble bortvist var to kvinn i -årene, og en mann i -årene.",1,Trafikk,2,Brann
kl. : fått melding om en person som gikk på togskinn ved sandvika. togled oslo ble varsl og nordgå ble orienter og kjørt sakte. de påtraff person og tar han med til ham togstasjon.,2,Brann,4,Ulykke
politibåt har hatt kontroll av båt og båtførere. det er utsted forenkl forelegg for fart på sjøen.,1,Trafikk,4,Ulykke
"båtvelt ifbm fisking. en mann i vannet. sarqueen, ambulans og politi rykk ut, men ett kort tid meld person i nær at de har fått mann på land. virk å vær i fin form, men politi og ambulans kjør frem til stedet.",5,Ro og orden,2,Brann
"kl. : vi og ambulans er på sted i fanaveg ved lagun storsenter. en motorsykkel som har velt i en rundkjøring. før frakt til sykehus med ambulanse, var bevisst. bilberg på vei til sted for å fjern mc. en del kø på stedet.",4,Ulykke,5,Ro og orden
kl. : i dag fikk øst politidistrikt melding om mul helikopterhavari i områd håøya i oslofjorden. det ble iverksatt et størr søk med et stor antall ressurser. det er søkt fra luft og sjø og ikk observer røyk ell ann som indiker ulykke.,7,Andre hendelser,1,Trafikk
"kl. mottok politi en melding om at en kvinn ble truet med noe meld oppfatt som et våp på lund. politi har vært i kontakt med de involver partene, de still seg uforstå til hendelsen.",1,Trafikk,2,Brann
": - politi rykk ut til industriveg ett melding om en bil i brann. det er usikker hvorfor bil tok fyr. bileier, en mann i -årene, pust inn litt røyk og ble kjørt til legevakt for nærmer undersøkelse. politi opprett sak.",3,Tyveri,4,Ulykke
trafikkulykk på e- før oksfjordhamn. en motorsyklist har kjørt i grøfta. politi er på stedet.,5,Ro og orden,4,Ulykke
nødetat har rykk ut til trafikkulykk lang kompveien. en bil med tre person har kjørt av veien ett å ha svingt unn et dyr i veibanen. en person er kjørt skadelegevakt for vider undersøkelser. politi opprett sak.,5,Ro og orden,4,Ulykke
:: avisbud frastjål en paxt (lit elektrisk kjøretøy). vi rykk ut med fler patrulj og fikk ett kort tid kontroll på en mistenkt og kjøretøy. vi er fremdel i aktiv søk ett fler involverte.,0,Innbrudd,4,Ulykke
politi har rykk ut ett melding om en arbeidsulykke. en mann i slutt av tenår har skad hånd/fingr i en vedmaskin.,5,Ro og orden,2,Brann
personbil har kjørt inn i en statu på stedet. det ryk og lekk fra bilen. samt nødetat er på stedet. kun èn person i bilen. har smerter. oppdateres.,4,Ulykke,5,Ro og orden
"et mikrofly har styrt i nær av daleknib i lyngdal, det skal vær to person i flyet, begg er våkn og bevisst. nødetatene, luftambulans og redningshelikopt er på vei til stedet. flyet er ennå ikk lokalisert. sak oppdateres.",7,Andre hendelser,5,Ro og orden
"mjøsli, kl. : meld om tyveri av diesel fra gravemaskiner. dreier seg om ca. liter. politi har vært på sted for åstedsundersøkelse.",1,Trafikk,0,Innbrudd
politi mottok melding om to person som løp på jernbanelinjen. patrulj fikk kort tid ett kontroll på de to. den ene av de to var skad ett å ha falt ned fra en jernbanebro rett forut for patrulj ankom stedet. ukjent skadeomfang. hent av ambulanse.,1,Trafikk,4,Ulykke
"i forbind med søk ett savn kvinn i områd romsdalsegg - venjedalen, oppfordr politi privatperson som har hytter/sel i nærområd om å foret en kontroll. kvinn ble sist observer torsdag ...",8,Savnet,0,Innbrudd
det har i natt blitt utløst tre falsk brannalarm i studentbo i strandveg . ved sist alarm ble hel bygg evakuert. brannmannskap har nå hatt en alvorsprat med de evakuer idet det vist seg at også den sist alarm var falsk.,2,Brann,1,Trafikk
: nødetat er på vei til vesterøya. en båt har kantr ca m ute i fjorden. det var en person i båten. person ligg nå i vann og hold seg fast i båten. redningsskøyt og redningshelikopt er også på vei. oppdateres.,11,Sjø,5,Ro og orden
ens bil ut av veg på stedet. en person i bilen. før er ved bevisst men er eldr og har problem med å gjør red for seg. nødetat på veg til stedet.,4,Ulykke,5,Ro og orden
person slått til fler person på stedet. fremstår som tilfeld ofre. gjerningsperson pågrep og sett i arrest.,12,Redning,2,Brann
denn melding har blitt trukket.,0,Innbrudd,4,Ulykke
kl. . melding om at ungdomm på el-sparkesykkel har kast en handlevogn på en kvinn som går tur med barnevognen. barnevogn ble truff med barn i vognen. politi har lett i områd ett de aktuell uten resultat. ikk meld om noen skad på personer.,2,Brann,4,Ulykke
"melding om skadeverk på bygg i sentrum. vi har vært på stedet, knust vindu i nedlagt butikklokale. fremstår ikk som om noe er stjålet. eier sikr selv bygget.",13,Arrangement,6,Voldshendelse
en person slått/spark slik at han ble bevisstløs. politi på sted og pågrep en mistenkt. fornærm blir tatt hånd om av helsevesenet.,12,Redning,2,Brann
melding om trafikkulykk på e ved rungstadvatnet. lastebil og personbil involvert. til samm person involvert. nødetat på vei. melding oppdateres.,4,Ulykke,5,Ro og orden
"kl. :. melding om savn barn på ein badeplass i norheimsund. politi varsl umiddelbart hrs og andr naudetatar, som var på stad ett kort tid. det pågjekk då leiting i vatnet. eit barn vart funn bevisstlaus und vann ett kort tid.",7,Andre hendelser,1,Trafikk
kl : rus mann i -år innsett i arrest ett å ha slått ned ein mann. ing skadde. mistenkt var forut for hending vist bort av politi ett å bråk inn på ein utestad. blir meld for vald og for å ikkj ha rett seg ett pålegg til politiet.,12,Redning,2,Brann
politi etterforsk en voldshend som har skjedd i det offent rom. ei jent skal vær bank opp av fler andre. samt er i tenår og lokal ell fra nabokommunene. ei fremstår skad og er på legevakt. patrulj undersøk hend nå.,12,Redning,2,Brann
"nødetat er på vei til sted ett melding om en trafikkulykke. bil involvert, påkjøring bakfra. en person har smert i nakken, en ann person har vond i en arm. oppdateres.",4,Ulykke,5,Ro og orden
en berus mann i -år slo til en vekt på et utested. vekt vil anmeld forholdet. politi har bortvist mann fra sentrum rest av natten.,12,Redning,2,Brann
politi kan meld om en ordensmess rol aften. god stemning og lit å gjøre. et par overstad berus person utenfor festivalområd bortvist fra stedet.,1,Trafikk,2,Brann
kl. melding om pågå sykkeltyveri ved rosendal - patrulj har kontroll på forment gjerningsmann - god meld inn til oss.,0,Innbrudd,2,Brann
"to menn involver i slagsmål i midtbyen. ing personskade, men et par brill ble knust. patrulj opprett sak.",12,Redning,2,Brann
"melding om trafikkulykk mellom to kjøretøy i nær av skoppum jernbanestasjon. kjøretøy har front kollider - ing i bil er fastklemt, men bil står midt i vegbanen. nødetat rykk ut. oppdateres.",4,Ulykke,5,Ro og orden
politi og ambulans har rykk ut ett melding om trafikkulykk der kjøretøy er involvert. det er uvisst om det er personskader.,5,Ro og orden,4,Ulykke
"kl , melding om pågå innbrudd i butikk i sentrum. patrulj har søkt i området, uten resultat. sak opprettes.",6,Voldshendelse,2,Brann
nødetat vil i kveld gjennomfør en størr plivo-øv på verdal. til informasjon til befolkning med tank på at det er mang kjøretøy fra nødetat samlet.,10,Dyr,1,Trafikk
: politi fikk melding om en person som ble observer med pistol lign tilstand. ing trussel situasjon innledningsvis. politi har kontroll på to person og en softgun. vi undersøk sak videre.,1,Trafikk,2,Brann
båtfør tatt for kjøring i påvirk tilstand. politi opprett sak.,1,Trafikk,4,Ulykke
politi fikk melding om innbrudd i en bil i mold sentrum. da politi ankom sted fant de han som hadd utført innbrudd sov bak bilen. han hadd tyvegods i en bag. dett ble lever tilbak til bileier. mann i slutt av åren hjemmehør i molde.,0,Innbrudd,2,Brann
": melding om mul fyllekjøring med båt og en båt som kjørt i ring uten fører. politibåt ble send til stedet. fler båtfører ble sjekket, ing mistank om promille, men en før ble ilagt et forenkl forelegg for mangl bruk av vest.",1,Trafikk,4,Ulykke
kl. melding om slagsmål i kiosk. politi innbring og anmeld en mann i åren for ikk å etterkomm politi pålegg.,12,Redning,2,Brann
"sentrum kl. : meld om ""sjokkbrekk"" i en urmak optik forretning i sentrum. det er observer en hvit eldr golf med svart tak i forbind med dette. kan vær en cabriolet. tip ønskes.",6,Voldshendelse,0,Innbrudd
"kl : veiten, berus mann lag bråk utenfor et utested. etterkom ikk politi pålegg om å forlat stedet, han var kranglet og lit samarbeidsvillig. innsatt i drukkenskapsarrest. sak opprettet.",1,Trafikk,2,Brann
"politi kjør en mann i åren inn i arrest for å sov ut rusen. han har ikk gjort noe galt, men er så berus at han ikk kan ta var på seg selv.",1,Trafikk,2,Brann
"melding om en bil som har kjørt av veien på e, rett nord for straumen. to person i bilen. de hevd seg uskadd. nødetat er på tur. oppdater her.",4,Ulykke,5,Ro og orden
": nødetat på sted ett melding om atv som har kjørt i grøfta. to person involvert, følg opp av helsepersonell. ukjent skadegrad. politi undersøk omstendighetene. sak opprettes.",5,Ro og orden,4,Ulykke
politi og ambulans har rykk ut til en trafikkulykk mellom kjøretøy og elektrisk rullestol. vi oppdater når vi ankomm stedet.,4,Ulykke,5,Ro og orden
"politi og brannves i kontakt med båtfør ved uenesodden, ett melding om at båt skal ha kjørt på land ved raudlibukt og kjørt vider i etterkant. det er mistank om at båtfør er påvirket, og det vil sikr blodprøve.",4,Ulykke,1,Trafikk
: melding om trafikkulykk i områd v nr . bil involvert. skal vær en påkjørsel bakfra. trafikk står stille. fremstår ikk som en alvor ulykke. nødetat på vei. oppdateres.,5,Ro og orden,4,Ulykke
naudetat er i bygdaveg ett melding om trafikkulykke. ein bil har køyrd av veg og inn i ein murkant. vert oppdatert.,4,Ulykke,5,Ro og orden
nødetat er på e bommestad nordgå retning ett melding om trafikkulykk med bil og bobil involvert. ett felt er stengt pr-.nå. oppdateres.,5,Ro og orden,4,Ulykke
operasjonssentral mott melding om en fritidsbåt som har gått på et skjær/holme. omfang er pr nå usikker - men nødetat iverksett tiltak ett gjeld planverk. vi oppdater så raskt vi har mer info.,7,Andre hendelser,3,Tyveri
politi har kontakt med en person som har en skad i hånda. han blir frakt slik at han får helsehjelp. uvisst per nå hvordan han har fått denn skaden.,1,Trafikk,2,Brann
": politipatrulj påtraff en tenåring i sentrum, som var i besitt av kniv. han ble fratatt kniv og anmeld for bæring av kniv på offent sted.",1,Trafikk,2,Brann
ambulans og politi rykk ut til trafikkulykke. en bil har kjørt i grøfta. kun før i bilen. før er våk og bevisst. oppdater her.,4,Ulykke,5,Ro og orden
melding om trafikkulykke. en bil involvert. trafikal problem på stedet. nødetat på vei til stedet. oppdater her.,4,Ulykke,5,Ro og orden
nødetat er på sted ett melding om trafikkulykk på stedet. påkjørsel bakfra. det er nedsatt hast i nordgå løp.,5,Ro og orden,4,Ulykke
"vekt tok kontakt med person som akkurat hadd stjål på et kjøpesenter. vekt ble da truet med en kniv, hvorpå tyv stakk fra stedet. patrulj bevæpn seg, fikk kontroll på tyven, som nå er satt i arrest.",0,Innbrudd,2,Brann
denn melding har blitt trukket.,0,Innbrudd,4,Ulykke
kl : nødetat rykk ut ett melding om størr stein og jordr over e. ing opplysning om at kjøretøy er tatt.,4,Ulykke,3,Tyveri
"nødetat rykk ut til industriområd på borgeskog da det er meld om arbeidsulykke. en mann har fått hånd i en kvern. det er alt vi har til nå, men blir oppdater når nødetat er fremme.",1,Trafikk,5,Ro og orden
"person slått ned ved rutebilstasjonen, politi og ambulans på vei til stedet.",12,Redning,2,Brann
"på ronglan er det en som savn geitebukk sin. gir meg person assosiasjon til ""en glad gutt"" av bjørnstjern bjørnson. håp bukk også i dett tilfell komm hjem til rett eier. om noen ser den, ring .",9,Skadeverk,1,Trafikk
melding om trafikkulykk på fv ved sætersmyra. bil som skal ha kjørt inn i bakend på bil som stod på veien. nødetat på vei.,5,Ro og orden,4,Ulykke
kl. . melding om trafikkulykk på fv ved lislevann. en bil skal ha kjørt ut. all som var i bil er ute. ukjent skadeomfang. nød etat på vei. oppdater når vi er fremm og fått oversikt.,5,Ro og orden,4,Ulykke
kl : - politi har vært på en byggeplass ett melding om at det har vært innbrudd. hend har skjedd i løp av natt og det er borttatt verktøy fra stedet. politi har gjennomført en åstedsundersøk og opprett sak på forholdet.,0,Innbrudd,6,Voldshendelse
politi rykk ut til rona. bilei observer sin stjåln bil parker ved ron sent og før går fra bilen. politi har kontroll på en person.,0,Innbrudd,4,Ulykke
: melding om mann som snok rund et hus og hadd brekkjern i hånda. politi til stedet. mann hadd ikk brutt seg inn. han hadd forsvunn fra stedet. ikk funn han igjen.,6,Voldshendelse,2,Brann
: innbrudd i båt. patrulj har vært og undersøkt. uvisst om noen er stjålet. rot en del i båten. ing stor skad på båten. skal ha hend sist døgn. politi opprett sak.,6,Voldshendelse,0,Innbrudd
trafikkulykk der motorsykkel og sykkel er involvert. syklist fremstår som letter skadet. nødetat på stedet.,4,Ulykke,5,Ro og orden
kl : melding om en ukjent mann i stuen til melder. mann hadd knust en rut for å komm seg inn og derett sovn på sofaen. mann er godt kjent av politiet. pågep og kjørt arrest.,6,Voldshendelse,2,Brann
melding om trafikkulykk ved kryss skilleveien/eideveien. utforkjøring med lett mc. ing andr skal vær involvert. ambulans akkurat fremm på stedet. før av mc fremstår som uskadet.,5,Ro og orden,4,Ulykke
"nødetat rykk ut til trafikkulykk i voielia. en bil har kjørt utfor veien og truff en mur. to person involvert, begg er ute av bilen. oppdateres.",5,Ro og orden,4,Ulykke
oppdag innbrudd i lokal til bakkeløkk skole. stjål blant ann fler skole-pc `er. politipatrulj vil gjennomfør åstedsundersøk og opprett sak.,6,Voldshendelse,0,Innbrudd
": politibåt kom over en båt hvor fører, en mann i årene, ikk var edru. han blåst til godt over lov verdi. han fremstill for nødvend prøv og anmeldes.",1,Trafikk,4,Ulykke
kl : politi kontroller mann i -år som blir meld for bæring av kniv på offent stad. observasjon av mann med kniv framme/syn vart gjort eit kvart tidlegare. ikkj brukt kniv til å trua med. mann vist bort frå berg sentrum.,1,Trafikk,2,Brann
: politi stopp en mann i åren fra tønsberg. han var rus und kjøring. prøv blir tatt. funn av narkotik i bilen. mann hadd hell ikk gyld førerkort. sak opprettes.,0,Innbrudd,4,Ulykke
kl. .: meld om brann i bobil i tunnelen. lik ett ble brann meld slukket. tunnel er stengt og nødetat er på vei.,4,Ulykke,3,Tyveri
melding om trafikkulykk på fylkesveg . ein motorsyklist har køyrd ut av vegen. nødetat rykk ut til stedet. skal ikkj ver alvor personskade. sak vert oppdatert.,4,Ulykke,5,Ro og orden
politi har stopp en bil hvor før framstår som ruset. til legevakt for blodprøv og det opprett sak.,0,Innbrudd,4,Ulykke
"kl. : i løp av natt har noen begått skadeverk på fler anleggsmaskin på stedet. patrulj har vært på stedet, og sikr dokumentasjon og opprett sak på forholdet.",1,Trafikk,6,Voldshendelse
lik ett klokk fikk politi melding slåssing inn på et utested. patrulj og en ambulans har vært på stedet. en mindr skad ble undersøkt av ambulanse. politi opprett sak og tatt noen avhør før på stedet. ing pågrepet.,12,Redning,2,Brann
markomeannufestival forløpt uten hend av noe slag. meld om god stemning.,10,Dyr,2,Brann
vi er på e ved rundkjøring inn mot furn fergekai. vært en diesellekkasj fra et vogntog. trol lekkasj fra henger og et aggregat. brannvesen er på sted og har på pulver. det er noen dieselspor på vegban som gjør det glatt enkelt steder.,4,Ulykke,5,Ro og orden
nødetat rykk ut på melding om mc som har velt på bøylestadveien.,5,Ro og orden,4,Ulykke
politi rykk ut til trafikkulykk med bil involver i kryss rosenkrantzgat / traverveien. oppdateres.,5,Ro og orden,4,Ulykke
en kvinn i åren har slått en ann kvinn på torget. hun ble bortvist fra torg i timer. vi kom ikk i kontakt med den fornærm parten.,12,Redning,2,Brann
fikk meld fra observant vitn om at noen opphold seg ved contain anlegg og klipt låser. patrulj var raskt fremm og person stakk til fot før vi fikk stans de.,0,Innbrudd,2,Brann
kl : - politibåt kontroller en fritidsbåt ført av en gutt i tenårene. gutt mistenk for kjøring i alkoholpåvirk tilstand. han ble fremstilt for prøvetaking og foresatt varslet. gutt blir anmeld for forholdet.,11,Sjø,4,Ulykke
vi foret åstedsundersøk ett melding om grovt tyveri fra bedrift. stjål divers verktøy fra en container/brakke.,0,Innbrudd,6,Voldshendelse
kl. . melding om at en bøssebær som utg seg fra en frivil organisasjon har tatt kontakt på privat adresse. ønsk å få oppgitt kontonumm når de spurt om penger. ikk oppgi dett til noen.,1,Trafikk,2,Brann
nødetat er på sted ett melding om at en person kan vær slått ned. uavklart hendelsesforløp og skadeomfang pr.nå. politipatrulj har kontroll på to person som mistenk for å ha vært involver i forholdet.,12,Redning,4,Ulykke
kl . politi har fått melding om at det befinn seg en påfugl utenfor et hus ikk langt utenfor sentrum. politi kan kontakt dersom noen savn en slik fugl.,9,Skadeverk,1,Trafikk
nødetat rykk ut ett melding om trafikkulykke. bil involvert.,5,Ro og orden,4,Ulykke
"ett fler melding om ansamling av ungdom på åsted for dødsulykk .. og far trafikal situasjon som følg av dette, er hast satt ned fra til km/t. forbi åstedet. politi ber trafikant vær oppmerksom på dette.",4,Ulykke,1,Trafikk
: politi og brannvesen er på sted ett melding om et tre som har falt over en omsorgsbolig. ikk opplysning om personskade. seks boen er evakuer inntil videre.,1,Trafikk,3,Tyveri
politi har rykk ut til en adress på elgeset der det er melding om utøvd vold med en gjenstand mellom fler personer. politi er bevæpn og har nå kontroll på personer. ing er alvor skadd. hend har skjedd innendørs. oppdateres.,12,Redning,2,Brann
bil har kollider i nordgå løp. påkjørsel bakfr ett at den først bil stans i køen. ing personskad - løs ved skademelding.,5,Ro og orden,4,Ulykke
"politi etterforsk en voldshend som skjedd på sted ved -tiden. det er lokal ungdomm i tenår som er involvert. en person er kjørt akuttmottaket, politi kjenn ikk skadestatus pr nå. vi avhør person og undersøk omstendighetene.",12,Redning,2,Brann
det er gjennomført knivaksjon i sentrum. person er kontroller - ing overtredelser.,2,Brann,4,Ulykke
"politi rykk ut ett melding om trafikkulykk på stedet. en lett-mc med to person har kjørt ut. ukjent skadegrad, men begg er våkne. oppdateres.",4,Ulykke,5,Ro og orden
politi har mottatt melding om en grønn papegøy med rød buk og noe gult på hod som har tatt tilhold på bankplass i trondheim sentrum. papegøy beskriv som litt folkesky.,9,Skadeverk,1,Trafikk
politi rykk ut til mann som slo i vindu på taxi. vindu knuste. taxisjåfør fulgt ett mannen. politi har kontroll på gjerningsmann.,13,Arrangement,2,Brann
: fikk vi melding om at en kvinn hadd komm over en fremmed dam inn i hus sitt. dam løp fra stedet. hun hadd stjål med seg lommebok og bilnøkler. politi har vært på sted og påtraff mistenkt dam i nærheten.,6,Voldshendelse,2,Brann
nødetat er på vei til drøbak ett melding om trafikkulykke. bil mot sparkesykkel. sparkesyklist mul skad i fot.,5,Ro og orden,4,Ulykke
"melding om vold fra en privat adresse. en mann opplys at han er blitt slått av en nabo. patrulj har rykk ut til stedet, og tar avhør. sak opprettes.",1,Trafikk,2,Brann
politi fikk i går kveld melding om en grov voldssak på hansnes. fornærm ble kjørt til unn for behandling. politi har gjennom natt og dag etterforsk sak og to person er pågrepet.,12,Redning,2,Brann
politipatrulj har foretatt åstedsundersøk ett melding om innbrudd og tyveri fra båt. er stjål en kartplotter.,6,Voldshendelse,0,Innbrudd
politi har pågrep et crewmedlem på oslo lufthavn grunn mistank om alkoholberuselse. blir fremstilt for utåndingsprøv i arresten.,1,Trafikk,4,Ulykke
"nødetat rykk ut til melding om trafikkulykk mellom personbil og bobil. airbagg utløst på personbil. person involvert. skadeomfang på de er ukjent, men all er ute av kjøretøyene. oppdateres.",4,Ulykke,5,Ro og orden
"kl .: melding om trafikkulykk på heensvei mellom personbil og en elg. stor materiell skad på bil, mindr skad på en person. elg død på stedet. nødetat er ferd på stedet. før av bil kjør til kaln for mul armbrudd.",5,Ro og orden,4,Ulykke
kl. . bil har fått stan på avkjøringsfelt fra e mot ikea. bilberg er på vei til denne.,0,Innbrudd,4,Ulykke
nødetat rykk ut til sted ett melding om trafikkulykke.,4,Ulykke,5,Ro og orden
: - politi rykk ut til et utested der vekter hadd kontroll på en mann i -årene. mann hadd slått til to andr gjest fler ganger. ing av de to ble skadd.,12,Redning,2,Brann
kl : - politi mottok melding fra publikum som hadd overhørt en mann som sa på telefon at han hadd skutt en ann person. involver gikk fra stedet. politi har søkt i områd uten å lokaliser aktuell person ell andr som fremstår involvert.,12,Redning,2,Brann
meld observer en person han tror forsøk og gjør innbrudd på adresse. to person stikk fra sted på sykkel rett før politi kommer. har sannsynligvis ikk komm seg inn i bygget. politi har fått beskriv og ser ett de i sentrum.,6,Voldshendelse,2,Brann
"melding om påkjørsel bakfr i sørgå felt på e omkjøringsvegen, teglverkstunet. trafikk går sakt i ett felt. all involver skal vær oppegående. nødetat er på veg til stedet.",4,Ulykke,5,Ro og orden
"kl :. melding om bil front mot front på nittedalsvei ved tunellen. all person er ute av kjøretøyene. stor materiell skader, person involvert. mul armbrudd på en av disse. nødetat er på stedet.",5,Ro og orden,4,Ulykke
melding om tre person har knust et vindu på en parker bil. gjerningsperson sprang fra stedet.,13,Arrangement,2,Brann
nødetat vært på sted i forbind med at syklist har blitt påkjørt av bilist. syklist frakt legevakt for sjekk. før av bil har status som mistenkt. patrulj opprett sak.,5,Ro og orden,4,Ulykke
"meld om bil stjål fra os /. observer i rådal i dag ca kl med mindreår ombord, men forsvant. observer igj kl , og vi har nå kontroll på bil og før ( år). opprett sak.",0,Innbrudd,4,Ulykke
"vekt ba om vår bistand ett å ha tatt kontakt med en vansk tyv. tyv var utager mot vår patrulj også, og er kjørt i arrest. vedkomm var i besitt av to kniver, som tas i beslag.",0,Innbrudd,2,Brann
det er en ulykk mellom personbil i nordgå retning. usikk skadeomfang.,5,Ro og orden,4,Ulykke
bil meld stjål i formiddag. gjenfunn i rulleskiløyp lang smistadvegen. person som satt i bil mistenk for ruskjøring. tatt med inn for bevissikring.,0,Innbrudd,4,Ulykke
"meld om en gjeng gutt med uforsikt bruk av en light litt vel nærm en barnehag i brundalen. patrulj har lett i området, uten å se noe til guttene. melding til obs for foreldr med barn i området.",1,Trafikk,2,Brann
kl. : til informasjon vil det i løp av dag foregå øvingsaktivit ved slagentangen. dett vil kunn hør og sees av forbipasserende.,2,Brann,0,Innbrudd
mopedvelt i bergbygda. meld om mul personskade. skal ikk vær fler involverte. nødetat rykk ut til stedet.,4,Ulykke,3,Tyveri
kl : nødetat rykk ut til trafikkulykke. en motorsykkel veltet. en person på mc. er bevisst og oppegående.,4,Ulykke,5,Ro og orden
"kl . politi rykk ut til privat adress på moseidmo der en person hadd blitt utsatt for vold. sjekk av helsepersonell på stedet, men ikk behov for oppfølging utov dette. en person ble noe sener pågrep på ann adresse, mistenkt for å ha utøvd volden.",12,Redning,2,Brann
"vi er i kryss broch gate/ apen gate. en bil har kjørt inn i et betongelement. kun før i bilen, og vedkomm fremstår som uskadd. noe trafikal utfordring på stedet.",5,Ro og orden,4,Ulykke
mann har forsvunn und svømming parallelt med ringveien. innsatspersonell på vei. oppdateres.,1,Trafikk,4,Ulykke
"kl: : politi fikk kontroll på en mann som hadd kjørt en lit båt med promille. utåndingsprøv vist en promill på , og mann anmeld for kjøringen. sak blir fulgt opp i ettertid.",1,Trafikk,4,Ulykke
tre bil involver i kjedekollisjon på e sydgå ved rygg flyplass. nødetat er på vei. innring sier det ikk er noen personskad på stedet.,4,Ulykke,5,Ro og orden
"politi søk ett en dam i åren som er savn fra nes bo og behandlingssenter. hun er dement og politi ønsk tip om obseverasjoner. beskrivelse: hvit knebukse, blå og hvit blomstret topp, sandaler, kort grått hår, normal kroppsbyggning, ca cm.",1,Trafikk,8,Savnet
nødetat rykk ut til trafikkulykk på e ved bleiknesmo. bil involvert. all person ute av bilene. nødetat ikk framm på sted enda. veien er stengt. oppdater her.,4,Ulykke,5,Ro og orden
trafikkstan grunn uhell mellom to bil ved kryss rælingsveien/strømsvei på strømmen. nødetat er på vei. oppdateres.,4,Ulykke,5,Ro og orden
"kl : melding om en person som truet fler andr med kniv. det kan fremstå som forsøk på ran. politi var raskt på sted og fikk kontroll på mistenkte, en ung gutt. ing er fysisk skadd.",12,Redning,2,Brann
": nødetat rykk ut til trafikkulykk på rv. bil involver og personer. all er ute av bil og våkne, men ukjent skadeomfang. det er noe utrykningstid til stedet. oppdateres.",5,Ro og orden,4,Ulykke
"meld om to person som lusk rund presenning til allmuen. da patrulj kom dukk det opp en tredj lusk ut fra und presenningen. ikk sett noe skadeverk ell tyveri, men all tre bortvist fra torgallmenningen.",0,Innbrudd,2,Brann
nødetat vil i kveld gjennomfør en størr plivo-øv på hitra. til informasjon til befolkning med tank på at det er mang kjøretøy fra nødetat samlet.,10,Dyr,1,Trafikk
melding sent i går kveld om en mann som åpn fler postkass i et boligfelt og tok post. politi rykk ut og påtraff en mann i nær som bar på post addresser til andre. et vitn hadd også sett at han kast åpn post i en søppelboks.,0,Innbrudd,2,Brann
"kl : nødetat rykk ut ett melding om to person i vannet. vist seg å vær to menn som hadd hatt et lit håndgemeng i forkant. hjalp hverandr opp, vel forlikte. ing anmeldelse.",2,Brann,4,Ulykke
kl : mann kom inn på legevakt med ambulansen. truet leg med kniv. personal låst mann inn på et pasientrom. mann pågrep av politiet. ing er skadd.,12,Redning,2,Brann
nødetat rykk ut til en arbeidsulykk i nær av vivestad barnehage. en person skal vær skad i forbind med gressklipping. uvisst skadeomfang - vi oppdater når vi ankommer.,1,Trafikk,5,Ro og orden
